Method,Testing Batch,RMSE,R2
Sorted_SFCV,1,33.00186566312885,0.3174018797264103
Sorted_SFCV,2,30.06414387751441,0.284641543023586
Sorted_SFCV,3,27.927496384287313,0.3299645402739063
Sorted_SFCV,4,26.725894306814883,0.44458987098154945
Sorted_SFCV,5,28.51716903949705,0.3370167576062285
Sorted_SFCV,6,26.24674792448057,0.21703130796862868
Sorted_SFCV,7,35.728918889365126,-0.33488405794997655
Sorted_SFCV,8,32.6605475403004,-0.3289991285904206
Sorted_SFCV,9,26.335629405977148,-2.4986466660009463
